[
  {
    "id": 1,
    "name": "Forehead",
    "description": "The forehead represents wisdom, intelligence, and strategic thinking.",
    "top": 50,
    "left": 130
  },
  {
    "id": 2,
    "name": "Eyebrows",
    "description": "Eyebrows indicate emotional control, motivation, and leadership potential.",
    "top": 110,
    "left": 120
  },
  {
    "id": 3,
    "name": "Eyes",
    "description": "The eyes reflect insight, perception, communication, and emotional nature.",
    "top": 150,
    "left": 135
  },
  {
    "id": 4,
    "name": "Nose",
    "description": "The nose symbolizes wealth, ambition, career energy, and social status.",
    "top": 200,
    "left": 140
  },
  {
    "id": 5,
    "name": "Mouth",
    "description": "The mouth reveals communication skills, desire, and personal expression.",
    "top": 270,
    "left": 130
  },
  {
    "id": 6,
    "name": "Chin",
    "description": "The chin reflects willpower, determination, and resilience.",
    "top": 340,
    "left": 140
  }
]